INSERT INTO schedule.study_group (id, name)
VALUES
    ('1', 'GR-1'),
    ('2', 'GR-2'),
    ('3', 'GR-3'),
    ('4', 'GR-4'),
    ('5', 'GR-5');

INSERT INTO schedule.subject (id, name)
VALUES
    ('1', 'Mathematics'),
    ('2', 'Engineering & Technology.'),
    ('3', 'Computer Science & Information Systems'),
    ('4', 'Economics & Econometrics'),
    ('5', 'Business & Management Studies');

INSERT INTO schedule.audience (id, name)
VALUES
    ('1', 'L-101'),
    ('2', 'L-102'),
    ('3', 'L-103'),
    ('4', 'L-104'),
    ('5', 'L-105');

INSERT INTO schedule.person (id, name, surname)
VALUES
    ('1', 'John', 'Smith'),
    ('2', 'Donald', 'Doyle'),
    ('3', 'Christopher', 'Burns'),
    ('4', 'Patricia', 'Wilkinson'),
    ('5', 'Alisha', 'Sherman'),
    ('6', 'Gilbert', 'Armstrong'),
    ('7', 'Dominick', 'Johns'),
    ('8', 'Peter', 'Goodman'),
    ('9', 'Cori', 'Brooks'),
    ('10', 'Shanon', 'Ball'),
    ('11', 'Suzan', 'Nicholson'),
    ('12', 'Henry', 'Carroll'),
    ('13', 'Joshua', 'White'),
    ('14', 'Clinton', 'Horn'),
    ('15', 'Edith', 'Chase');

INSERT INTO schedule.professor (id, person_id)
VALUES
    ('1', '11'),
    ('2', '12'),
    ('3', '13'),
    ('4', '14'),
    ('5', '15');

INSERT INTO schedule.student (id, person_id, study_group_id)
VALUES
    ('1', '1', '1'),
    ('2', '2', '1'),
    ('3', '3', '2'),
    ('4', '4', '2'),
    ('5', '5', '3'),
    ('6', '6', '3'),
    ('7', '7', '4'),
    ('8', '8', '4'),
    ('9', '9', '5'),
    ('10', '10', '5');

INSERT INTO schedule.group_schedule (id, study_group_id)
VALUES
    ('1', '1'),
    ('2', '2'),
    ('3', '3'),
    ('4', '4'),
    ('5', '5');

INSERT INTO schedule.day_schedule (id, day_of_week, group_schedule_id)
VALUES
    ('1', '1', '1'),
    ('2', '2', '1'),
    ('3', '3', '1'),
    ('4', '4', '1'),
    ('5', '5', '1'),
    ('6', '1', '2'),
    ('7', '2', '2'),
    ('8', '3', '2'),
    ('9', '4', '2'),
    ('10', '5', '2'),
    ('11', '1', '3'),
    ('12', '2', '3'),
    ('13', '3', '3'),
    ('14', '4', '3'),
    ('15', '5', '3'),
    ('16', '1', '4'),
    ('17', '2', '4'),
    ('18', '3', '4'),
    ('19', '4', '4'),
    ('20', '5', '4'),
    ('21', '1', '5'),
    ('22', '2', '5'),
    ('23', '3', '5'),
    ('24', '4', '5'),
    ('25', '5', '5');

INSERT INTO schedule.lecture (id, subject_id, audience_id, professor_id, day_schedule_id)
VALUES
    ('1', '1', '1', '1', '1'),
    ('2', '2', '2', '2', '1'),
    ('3', '3', '3', '3', '2'),
    ('4', '4', '4', '4', '2'),
    ('5', '5', '5', '5', '3'),
    ('6', '1', '1', '1', '3'),
    ('7', '2', '2', '2', '4'),
    ('8', '3', '3', '3', '4'),
    ('9', '4', '4', '4', '5'),
    ('10', '5', '5', '5', '5'),
    ('11', '2', '2', '2', '6'),
    ('12', '3', '3', '3', '6'),
    ('13', '4', '4', '4', '7'),
    ('14', '5', '5', '5', '7'),
    ('15', '1', '1', '1', '8'),
    ('16', '2', '2', '2', '8'),
    ('17', '3', '3', '3', '9'),
    ('18', '4', '4', '4', '9'),
    ('19', '5', '5', '5', '10'),
    ('20', '1', '1', '1', '10'),
    ('21', '3', '3', '3', '11'),
    ('22', '4', '4', '4', '11'),
    ('23', '5', '5', '5', '12'),
    ('24', '1', '1', '1', '12'),
    ('25', '2', '2', '2', '13'),
    ('26', '3', '3', '3', '13'),
    ('27', '4', '4', '4', '14'),
    ('28', '5', '5', '5', '14'),
    ('29', '1', '1', '1', '15'),
    ('30', '2', '2', '2', '15'),
    ('31', '4', '4', '4', '16'),
    ('32', '5', '5', '5', '16'),
    ('33', '1', '1', '1', '17'),
    ('34', '2', '2', '2', '17'),
    ('35', '3', '3', '3', '18'),
    ('36', '4', '4', '4', '18'),
    ('37', '5', '5', '5', '19'),
    ('38', '1', '1', '1', '19'),
    ('39', '2', '2', '2', '20'),
    ('40', '3', '3', '3', '20'),
    ('41', '5', '5', '5', '21'),
    ('42', '1', '1', '1', '21'),
    ('43', '2', '2', '2', '22'),
    ('44', '3', '3', '3', '22'),
    ('45', '4', '4', '4', '23'),
    ('46', '5', '5', '5', '23'),
    ('47', '1', '1', '1', '24'),
    ('48', '2', '2', '2', '24'),
    ('49', '3', '3', '3', '25'),
    ('50', '4', '4', '4', '25');
